Region,0,1,2,3,4,5,6,7,8,9,10,11,12,13,14,15,16,17,18,19,20,21,22,23,24,25,26,27,28,29,30,31,32,33,34,35,36,37,38,39,40,41,42,43,44,45,46,47,48,49,50,51,52,53,54,55,56,57,58,59,60,61,62,63,64,65,66,67,68,69,70,71,72,73,74,75,76,77,78,79,80,81,82,83,84,85,86,87,88,89,90,91,92,93,94,95,96,97,98,99,100,Pop,Year
Abruzzo,8372,8810,9436,9971,10085,10300,10453,10966,11115,11479,11286,11691,11487,11364,11488,11594,11513,11386,11793,12059,12025,12419,12361,12600,12479,12992,13374,13928,13842,14063,14136,14409,14156,14547,14947,15232,15229,15931,15835,16291,16930,17594,17738,18493,19005,19819,19575,20194,20558,20154,21054,20872,21060,21245,21272,21378,20132,19393,19039,18712,18421,17733,17472,17178,17188,16796,15728,15599,15596,15994,16233,16349,15403,14841,11066,11792,11286,10827,10736,12039,11902,10598,10210,9233,8885,8051,7676,6435,5931,5567,4339,3578,3089,2326,1789,1396,1002,745,526,332,393,1293941,2020
Basilicata,3630,3639,3898,3968,3996,4045,4026,4406,4374,4527,4722,4852,4792,4953,4920,5246,5289,5466,5529,5748,5775,5775,5792,5865,5933,6063,6165,6635,6473,6707,6498,6504,6418,6253,6513,6639,6540,6627,6599,6613,6768,7219,7361,7870,7989,8189,8059,8244,8326,8442,8681,8756,9022,8759,8917,9227,8721,8800,8555,8384,8051,7763,7606,7725,7406,7396,6810,6704,6568,6788,6820,6979,6282,5680,4399,4319,4245,4181,4124,4776,4871,4548,4415,4049,3774,3646,3269,2777,2462,2296,1856,1470,1223,937,694,483,411,291,226,107,125,553254,2020
Calabria,14177,14777,15345,15628,15901,16068,16075,16483,16714,17254,17491,17693,17760,18278,18079,18665,18700,18573,19403,20067,20051,20443,20035,20533,20884,21328,22144,22754,22573,23144,23414,23922,23467,23184,23295,23663,23522,23993,23949,24259,24826,25160,25690,26939,26861,27183,27117,27347,27763,27531,29051,28619,28953,29047,28804,30062,28373,28281,27957,27657,26960,25056,25763,24875,24673,24475,23045,21745,22154,22469,22360,22483,21708,19731,15234,15125,14777,14505,13777,15508,14773,13634,12649,11992,11467,10496,9918,8623,7531,6637,5285,4295,3431,2799,2126,1670,1202,814,567,409,460,1894110,2020
Campania,46010,47138,49346,49478,50210,50945,52006,54373,55531,57239,58784,59471,60734,61105,61704,63793,64520,64111,65819,67244,67525,67752,67634,68154,68102,68758,69828,72654,71820,71252,70782,71677,69391,68832,70390,71437,72005,73816,72941,73987,75640,77715,79245,82208,85009,87943,86661,87234,87685,86257,88559,88490,89510,90043,89931,91751,85981,83901,82037,78481,77176,73066,71977,68582,69129,68139,62292,60040,59873,60593,60189,61147,58376,58268,46997,39694,42313,39699,37467,40230,38307,34281,31460,27907,26861,23599,21981,19189,16702,14986,11719,9629,7496,5754,4376,3194,2366,1670,1149,783,908,5712143,2020
Emilia-Romagna,30914,32779,33739,35347,36507,37450,38385,39593,40376,41720,42417,42163,41874,41506,40843,40458,39494,39815,39910,40826,40128,40470,40493,40409,40357,41222,41887,44397,44978,46319,46150,46883,46864,47438,49328,50482,51621,53200,53613,55662,57998,61720,64322,67516,70994,74067,74043,74226,74728,73698,74376,73973,72843,73514,72467,73674,68878,66450,64992,62930,61429,58440,57966,56909,54473,52880,50532,49703,48825,51054,51451,54078,53467,53910,37788,41845,41123,39912,40284,43271,41788,40600,35471,31284,31628,29281,25567,22390,20690,18967,15279,13079,10885,8623,6974,5314,4012,2809,2008,1289,1415,4464119,2020
Friuli-Venezia Giulia,7450,7802,8229,8615,8715,9243,9426,9844,10021,10410,10550,10534,10734,10690,10511,10580,10517,10384,10586,10944,10586,10721,10576,10874,10567,10592,10761,11415,11561,11698,11701,12010,11537,11856,12394,12598,12650,13386,13489,14008,14391,15664,15915,16874,17871,19320,19133,19738,19782,19989,20071,19983,20217,20257,20487,20824,19748,18680,18219,17597,17347,16354,15961,15747,15377,15102,15000,14809,14594,15498,15212,16138,16064,16760,11362,13440,13071,13001,12960,13401,12443,11654,10352,9160,8556,7495,6786,6167,5492,5202,4159,3518,2977,2472,1975,1565,1187,833,682,426,392,1206216,2020
Lazio,38162,42329,44307,46590,47781,49513,50450,53333,53295,54609,54780,55204,55430,54995,53249,53681,53171,52271,52733,53789,53247,54323,54205,54762,55343,55827,56857,59566,59161,61170,61510,63705,63408,63823,66870,69063,70605,73521,74362,75841,78238,82513,84090,87658,92094,95799,95794,96772,96727,96643,97972,96850,96901,97282,97103,98595,92261,88179,85679,82008,79288,75814,74285,72422,71015,69454,65275,63408,62378,63750,63403,66355,65262,62964,48744,48387,50014,47928,47634,51316,48404,45267,40468,36413,34924,31562,27834,24289,21993,20224,15731,12883,10436,8429,6231,4874,3618,2566,1812,1230,1417,5755700,2020
Liguria,8632,8971,9674,9926,10202,10858,10956,11590,11409,11930,12472,12738,12464,12639,12571,12648,12429,12778,12942,13239,13138,13388,13335,13646,13267,13350,13579,14327,14093,14200,14198,14540,14198,14100,14741,14620,15011,14994,15667,15533,16270,17586,18607,19788,21177,22576,22990,24222,24490,24664,25246,25485,25351,26340,26833,27047,25426,24459,23668,22830,22619,21614,21355,20763,20083,19979,19302,18664,18617,19779,19963,21024,21505,21477,15458,17305,16708,16967,17282,18345,17679,16903,15244,13592,12881,11630,10754,9935,8900,8292,6801,5576,4571,3586,2808,2100,1564,1174,799,547,633,1524826,2020
Lombardia,72560,76022,79620,82300,85067,87242,88821,92013,93991,96782,98664,98737,97568,97967,95729,96079,94090,92846,94438,96559,95790,96608,96156,95693,94989,96291,98414,102237,103414,106567,107554,110812,109093,110118,113852,116544,119588,124112,124995,127531,130774,138105,144006,149545,159303,164177,164021,165437,165584,164121,168262,167340,166682,169652,168236,166957,155897,147857,143184,138042,133949,127416,124714,122405,118648,115894,111738,111032,109629,113693,114336,117752,113502,115962,84776,89829,87799,88391,88964,94898,90760,85531,74385,65275,63704,56653,50629,45748,40549,36243,29330,24052,19579,15293,11929,8983,6634,4624,3328,2093,2318,10027602,2020
Marche,9582,10140,10706,11402,11861,12179,12490,12818,13452,13632,14000,14074,13867,13695,13666,13700,13552,13682,13658,14274,14235,14575,14413,14273,14428,14308,14600,15201,15155,15551,15367,15725,15373,15931,16290,16481,17006,17745,17844,18625,19450,20699,21294,21904,23021,23585,23247,23494,24262,23494,24388,24050,24125,24284,24160,24853,23517,22386,22636,21795,21200,20562,20083,20198,19403,18696,18150,18060,18280,18534,17853,18308,17589,17545,14410,13831,14424,13535,13414,15032,15066,14764,12923,11521,11486,10350,9321,7928,7679,6787,5386,4663,4051,3215,2556,1782,1368,935,691,446,447,1512672,2020
Molise,1888,1863,2079,2026,2115,2153,2192,2245,2316,2444,2271,2471,2481,2479,2548,2566,2603,2672,2740,2867,2965,3142,3076,3077,3140,3240,3317,3427,3396,3342,3349,3386,3428,3340,3438,3427,3479,3583,3645,3586,3797,3902,3963,4066,4324,4499,4340,4457,4428,4438,4683,4695,4821,4886,4884,5053,4694,4566,4524,4637,4444,4204,4204,4197,4121,4158,3786,3912,3605,3878,4030,3905,3708,3408,2641,2571,2395,2297,2523,2813,2933,2442,2406,2351,2230,2138,1939,1650,1478,1471,1140,911,816,640,456,393,269,219,162,97,116,300516,2020
Piemonte,27785,28996,30833,32053,32833,34181,35065,36414,36698,37577,38651,38936,38912,38350,38154,38113,38254,37717,38009,39639,39254,40093,39914,39449,39408,39827,40479,41959,42306,43501,42914,44185,43190,43888,45113,45395,46805,48704,48902,50271,51568,55153,58102,60774,64456,67320,67215,68869,69993,69295,71752,71239,71191,71724,71373,72421,67550,65010,64262,62176,60580,58898,58516,57123,55970,55161,53151,52941,51885,54006,54376,56949,55359,53609,40698,43227,42568,42562,42430,45638,44405,42233,37401,33293,32107,28730,25441,23181,20849,19072,15213,12224,10073,7696,5813,4291,3253,2411,1610,1008,1096,4311217,2020
Puglia,27126,28416,29647,30597,30971,32418,33061,34277,35383,36556,36955,37473,37915,38162,38866,40267,40598,40771,42045,43127,43140,43153,43025,43236,43064,43266,44292,46038,45130,44931,44417,45508,44564,44199,44234,45872,46187,47711,48430,49839,52533,54289,56482,58656,60241,61782,59871,58990,60408,60040,61584,61788,62572,63011,63002,63905,59288,57748,57131,55557,54177,51287,51927,50411,49916,48418,46694,44689,46067,47314,46899,49398,46130,45048,37758,33739,33283,33583,31336,33360,32234,29672,27231,24259,23256,21351,18929,16787,14899,13606,10552,8831,7351,5421,4103,2975,2359,1625,1078,725,882,3953305,2020
Sardegna,8717,9211,10006,10423,10967,11252,11614,12206,12843,13244,13277,13327,13297,13394,13476,13266,13754,13537,13883,14441,14379,14113,14226,14499,14865,15035,15499,16153,16480,17026,16982,17235,17404,17417,18119,18438,18942,19990,20050,20855,21050,23090,23517,24468,25721,26868,26881,26575,26547,26213,27069,26348,27194,27423,27344,27906,26674,25997,25451,24662,24117,23682,23647,23132,22390,22651,21488,21132,20698,20704,20003,20252,19302,17913,16626,16120,15409,15587,14214,15431,14178,12485,11308,10617,9341,9221,8448,7299,6310,5965,4833,4046,3156,2602,1814,1501,1033,777,503,388,458,1611621,2020
Sicilia,37683,39459,40502,40589,41903,42972,42416,44542,44642,46202,47207,48062,47764,48748,49699,50626,50616,50895,52375,53999,54663,53718,53774,54051,54442,55493,57091,59222,58164,58539,58537,58784,57281,57332,57824,58992,58231,60130,60229,62407,63097,64894,65838,69048,70808,73357,72020,72415,73849,73113,75468,74499,75229,74688,74090,76013,71871,71584,69770,69753,66165,63998,63784,62144,61780,61081,56152,55395,54596,56106,56049,57555,56284,51046,42761,40547,38149,37239,36582,40753,38195,35414,30774,28799,27341,25747,23276,19702,17468,16414,12198,10251,7817,6439,4838,3801,2514,1867,1199,829,1032,4875290,2020
Toscana,23220,24713,26112,27031,27602,29161,29467,31289,31668,32704,32840,33856,33547,33276,33165,33144,32348,32589,32647,33175,32503,33274,33054,33080,32794,33081,33652,35574,35477,37254,36930,38395,37573,37676,39462,40126,41282,42516,43111,44417,46583,49404,51276,53755,56570,59349,59592,60095,60564,59479,61065,60195,60599,61360,61325,61888,57768,55650,54466,52794,51500,49497,48339,47620,46609,46049,43629,43128,42836,44046,45862,48626,48299,48276,37174,36787,36527,34616,35234,38750,36741,35999,31568,27807,27321,24152,21910,19539,18021,16595,13374,11330,9335,7381,5678,4419,3304,2292,1681,1098,1044,3692555,2020
Trentino-Alto Adige/Südtirol,9468,9736,10024,10278,10396,10636,10623,10859,10901,11092,10974,11280,11157,11237,11396,11529,11261,11164,11496,11772,11780,11928,11914,11881,11603,11773,11641,12080,12075,12174,12025,12092,11897,11923,12209,12264,12629,13059,12956,13135,13179,13883,13980,14547,15311,16229,16272,16513,17076,16762,17634,17477,17416,17784,17909,17823,16696,15781,15752,15072,14544,13645,13352,12891,12320,11901,11688,11354,11019,11354,10821,11131,10749,11443,8139,9262,9710,9491,9344,8839,8367,7688,6778,6169,5847,5422,4996,4523,4036,3746,3001,2538,2122,1667,1347,1028,862,633,403,268,218,1078069,2020
Umbria,5488,5699,5992,6381,6428,6845,7118,7461,7552,7742,7706,8132,8097,7982,7948,7743,7656,7668,7600,7825,7818,7913,7868,7916,7907,7948,8168,8604,8484,8722,8918,9336,9027,9190,9496,9619,10280,10214,10491,10592,11014,11605,12087,12424,13041,13644,13561,13400,13633,13423,13860,13812,13653,13660,14170,14230,13330,12955,12907,12722,12188,11533,11285,11469,11175,10886,10689,10082,10556,10676,11005,11713,10765,10288,8207,8656,8979,8195,8199,8997,8659,8619,7443,6652,6480,6038,5531,4716,4550,4090,3236,2734,2378,1856,1510,1150,783,542,423,249,278,870165,2020
Valle d'Aosta/Vallée d'Aoste,835,893,888,951,961,1050,1033,1124,1182,1155,1224,1204,1207,1235,1142,1175,1182,1115,1183,1226,1192,1201,1132,1216,1154,1142,1136,1233,1196,1268,1238,1281,1241,1244,1299,1310,1383,1409,1329,1440,1424,1708,1659,1782,1841,1955,2003,2017,2102,2064,2201,2112,2175,2203,2113,2262,2078,1912,1940,1761,1857,1666,1661,1598,1622,1592,1560,1493,1510,1501,1582,1595,1481,1408,1082,1148,1202,1186,1183,1222,1114,1118,975,851,764,682,675,572,532,517,412,342,268,214,166,102,89,63,49,29,30,125034,2020
Veneto,33275,35392,36931,38142,39268,40633,41614,43637,44439,45848,46493,47439,46938,47008,46717,47337,46459,45949,45918,47924,47264,48008,48016,47568,46906,47084,47442,49338,49235,50365,50132,51262,49585,50111,52727,52812,53983,56135,57256,58838,61341,65589,68034,71149,74794,79530,78989,80178,81203,81245,83349,82398,83014,83653,83635,84302,78942,75880,74210,70077,69527,65103,63594,62342,59960,58876,56779,55612,54670,56747,55693,57082,55342,59502,40425,46259,46642,44644,43629,45225,43265,40421,35609,31710,30724,28013,23917,21956,19431,17984,14176,12283,10319,7933,6268,4628,3617,2412,1664,1068,1142,4879133,2020
Abruzzo,8249,8577,8939,9618,10121,10299,10354,10483,11035,11189,11488,11341,11726,11543,11412,11569,11653,11579,11463,11804,12103,12029,12394,12338,12482,12405,12806,13071,13561,13498,13746,13750,14019,13826,14295,14744,15018,14987,15739,15676,16158,16777,17424,17641,18344,18889,19695,19489,20082,20421,20048,20932,20688,20865,21082,21101,21239,19935,19236,18840,18535,18224,17482,17284,16961,16963,16580,15509,15501,15454,15828,16022,16119,15150,14583,10831,11491,11012,10497,10342,11581,11408,10077,9655,8573,8237,7334,6879,5730,5197,4810,3652,2922,2457,1777,1378,1046,715,534,382,485,1281012,2021
Basilicata,3499,3630,3675,3922,4021,4062,4028,4037,4400,4380,4514,4724,4858,4822,4962,4938,5280,5335,5502,5557,5733,5708,5704,5685,5769,5763,5898,5944,6397,6175,6433,6220,6271,6187,6046,6318,6427,6383,6497,6464,6506,6687,7108,7246,7800,7906,8101,7962,8177,8261,8393,8602,8612,8900,8685,8834,9137,8627,8690,8462,8271,7917,7660,7521,7630,7322,7278,6712,6649,6490,6722,6733,6859,6192,5551,4325,4225,4133,4053,3996,4591,4664,4310,4147,3764,3498,3331,2974,2462,2133,1968,1560,1178,992,731,519,362,312,210,156,165,545130,2021
Calabria,13928,14425,15030,15620,15949,16267,16048,16142,16607,16803,17293,17549,17730,17828,18383,18197,18740,18782,18631,19348,19898,19517,19734,19290,19662,19942,20297,20984,21507,21341,21888,22252,22692,22350,22227,22418,22814,22716,23288,23221,23664,24197,24532,25199,26416,26459,26724,26662,26960,27240,27008,28495,28011,28349,28479,28322,29571,27851,27809,27471,27265,26546,24622,25276,24510,24261,24116,22704,21614,22035,22294,22118,22203,21344,19354,14913,14762,14341,14047,13307,14869,14084,12919,11931,11221,10565,9592,8920,7657,6513,5707,4460,3552,2778,2217,1607,1239,845,577,401,558,1860601,2021
Campania,44921,46680,47777,50036,50508,51330,51337,52503,54874,56164,57895,59410,60159,61484,61776,62387,64371,64922,63739,64971,65962,65131,65002,64721,65066,64809,65331,66345,69065,68325,68122,67895,69079,67209,66742,68459,69862,70641,72566,71779,72859,74496,76593,78189,81016,83738,86701,85281,85558,86099,84585,86611,86446,87516,87808,87785,89448,83790,81766,80056,76432,75194,71212,70225,66956,67584,66684,61038,59322,59273,59844,59294,60162,57365,57175,45865,38675,41057,38390,36092,38435,36459,32395,29424,25934,24652,21437,19650,16880,14453,12742,9773,7835,5899,4382,3296,2329,1682,1182,813,1073,5624260,2021
Emilia-Romagna,29948,31289,33080,34027,35709,36831,37333,38371,39503,40231,41620,42314,42138,41875,41506,40924,40660,39670,40025,40348,41495,41132,41793,41862,41731,41675,42396,43031,45562,45800,47021,46845,47450,47303,47745,49561,50641,51802,53388,53657,55677,57988,61733,64321,67394,70864,73840,73796,74023,74447,73328,74059,73466,72347,72935,71821,73014,68223,65766,64260,62128,60539,57553,57016,55905,53537,51895,49513,48827,47964,50144,50430,52929,52250,52576,36676,40630,39784,38417,38637,41355,39766,38336,33160,28973,28983,26577,22936,19737,17820,16148,12726,10581,8645,6648,5244,3810,2744,1890,1312,1602,4438937,2021
Friuli-Venezia Giulia,7459,7556,7909,8310,8765,8854,9294,9458,9839,10056,10444,10620,10591,10739,10732,10551,10602,10543,10417,10774,11112,10774,10961,10838,11079,10721,10820,10881,11585,11653,11777,11765,12069,11633,11922,12466,12684,12713,13439,13558,14136,14464,15731,16030,16990,17941,19365,19141,19746,19828,20037,20133,20033,20209,20255,20468,20828,19739,18597,18123,17488,17283,16266,15803,15573,15151,14911,14730,14605,14371,15263,15007,15856,15743,16420,11090,13058,12689,12577,12499,12846,11917,11031,9726,8588,7903,6839,6121,5500,4791,4477,3494,2853,2397,1905,1474,1131,826,573,462,516,1201510,2021
Lazio,38076,40302,43332,45358,47869,49208,49438,50565,53399,53678,54933,55067,55572,55837,55461,53660,53884,53149,52190,52905,54277,53837,54864,54472,54969,55373,55642,56541,59278,58903,60858,61121,63451,63125,63366,66540,68814,70478,73373,74044,75409,77973,82214,83722,87313,91938,95511,95369,96429,96280,96084,97287,96000,96204,96562,96291,97719,91433,87265,84714,80981,78184,74579,73058,71199,69938,68220,64008,62794,61759,63103,62710,65563,64378,61956,47792,47404,48782,46623,46176,49608,46499,43195,38467,34223,32511,29059,25287,21741,19295,17503,13355,10641,8453,6628,4754,3644,2631,1838,1322,1612,5730399,2021
Liguria,8818,8859,9180,9930,10204,10526,11015,11174,11748,11644,12144,12681,12920,12646,12837,12778,12832,12620,12923,13101,13408,13341,13674,13479,13785,13425,13522,13731,14366,14153,14330,14294,14658,14329,14177,14860,14816,15167,15186,15884,15711,16452,17769,18779,19878,21351,22699,23115,24318,24509,24703,25260,25561,25356,26306,26749,26978,25255,24358,23582,22730,22433,21460,21180,20554,19938,19765,19040,18501,18510,19597,19744,20771,21172,21146,15125,16940,16289,16388,16706,17582,16886,16017,14381,12644,11863,10660,9705,8837,7692,7099,5658,4547,3570,2773,2097,1498,1073,827,506,737,1518495,2021
Lombardia,69292,73699,77135,80660,83682,86682,87517,89290,92338,94248,97045,99140,99348,98088,98613,96244,96058,93827,92885,95099,97643,97229,98602,98196,97847,97406,98517,100442,104127,104867,107650,108372,111683,109726,110510,113998,116861,119706,124258,125214,127611,130679,137958,143874,149325,159068,163857,163573,164922,165029,163552,167475,166521,165848,168608,167079,165667,154734,146517,141724,136494,132314,125618,122815,120482,116744,114038,109678,109427,107997,111893,112185,115414,110982,113206,82403,87083,84783,85071,85220,90253,85887,80422,69306,60055,57942,50842,44736,39949,34569,30199,23908,18948,15148,11377,8610,6178,4415,2994,2070,2534,9981554,2021
Marche,9462,9727,10258,10808,11519,11959,12174,12479,12762,13426,13595,13971,14033,13881,13681,13708,13737,13614,13764,13762,14385,14319,14633,14495,14387,14403,14240,14450,14991,14895,15405,15168,15611,15214,15751,16198,16401,16858,17673,17775,18633,19372,20616,21200,21813,22930,23462,23176,23409,24179,23387,24235,23918,23954,24062,23957,24695,23321,22148,22413,21587,20945,20319,19834,19937,19136,18429,17908,17818,18004,18269,17578,18031,17304,17216,14106,13462,14013,13115,12974,14441,14415,14056,12187,10749,10650,9429,8411,7093,6726,5820,4491,3861,3215,2445,1900,1310,972,645,440,543,1498236,2021
Molise,1706,1888,1880,2088,2046,2126,2144,2192,2220,2311,2410,2261,2458,2470,2461,2549,2557,2633,2696,2736,2836,2938,3043,2977,2969,3052,3109,3162,3297,3207,3221,3182,3306,3263,3228,3298,3275,3341,3491,3519,3509,3728,3810,3864,4005,4254,4451,4257,4395,4359,4386,4601,4646,4744,4833,4811,4966,4621,4520,4486,4587,4384,4140,4128,4143,4038,4092,3724,3882,3563,3811,3979,3835,3614,3336,2591,2510,2309,2241,2435,2722,2818,2316,2263,2182,2060,1960,1752,1452,1286,1258,949,741,662,500,342,289,210,159,107,132,294294,2021
Piemonte,27170,28209,29327,31197,32598,33367,34172,35248,36534,36857,37735,38857,39057,39043,38493,38326,38171,38180,37666,38063,40009,39625,40511,40438,40040,39783,40151,40745,42304,42464,43553,42931,44055,43124,43871,44931,45252,46731,48629,48830,50170,51489,55015,57917,60606,64228,67106,67044,68728,69716,69002,71460,70838,70743,71256,70919,71817,67108,64316,63671,61535,59767,58105,57600,56255,55132,54303,52283,52259,51286,53307,53498,55944,54307,52515,39729,42123,41285,41086,40835,43616,42291,39940,34975,30818,29335,25911,22604,20226,17840,15954,12503,9611,7748,5715,4163,3058,2283,1563,1032,1209,4274945,2021
Puglia,26373,27570,28912,30201,31266,31648,32800,33460,34681,35816,37056,37415,37939,38366,38633,39388,40708,41062,41017,42177,43172,42908,42843,42495,42471,41997,42021,42859,44576,43763,43664,43257,44499,43775,43556,43642,45400,45728,47439,48172,49674,52272,54062,56414,58483,60104,61663,59792,58871,60208,59771,61320,61470,62302,62668,62679,63476,58924,57359,56719,55177,53774,50917,51510,50047,49591,48069,46329,44614,45961,47129,46685,49079,45682,44591,37277,33159,32672,32822,30572,32285,31131,28418,25819,22760,21643,19600,17209,15060,13130,11839,8900,7248,5944,4273,3106,2212,1706,1170,707,1004,3933777,2021
Sardegna,8243,8849,9355,10149,10586,11190,11311,11690,12261,12921,13324,13354,13408,13391,13469,13544,13361,13830,13532,13817,14333,14090,13771,13882,14017,14361,14421,14787,15397,15823,16253,16296,16526,16732,16778,17539,17900,18501,19502,19697,20527,20793,22772,23240,24185,25406,26634,26640,26337,26323,26016,26855,26128,26905,27151,27098,27665,26440,25762,25196,24446,23892,23405,23418,22903,22188,22430,21254,21050,20584,20574,19868,20081,19077,17660,16388,15848,15052,15227,13799,14936,13632,11982,10744,9978,8718,8498,7766,6614,5611,5167,4140,3421,2585,2072,1406,1122,760,562,353,569,1590044,2021
Sicilia,37387,38630,40326,41372,41619,43022,43456,43064,45062,45543,46813,47909,48711,48450,49446,50351,50871,50673,50815,51896,53050,52853,51699,51628,51974,52067,52837,54350,56421,55647,56128,56281,56778,55608,55801,56496,57899,57304,59301,59610,61781,62532,64434,65359,68618,70438,72811,71518,71871,73340,72561,74856,73744,74599,73952,73329,75189,71271,70895,69068,69125,65606,63370,63220,61623,61295,60664,55754,55404,54578,56012,55812,57294,55900,50538,42270,39893,37408,36367,35663,39478,36821,33845,29078,27013,25367,23596,20956,17480,15330,14150,10256,8389,6265,4971,3691,2788,1824,1297,829,1171,4833705,2021
Toscana,22427,23605,25128,26508,27598,28203,29376,29732,31552,31995,32997,33097,34233,33879,33666,33617,33482,32722,32922,33116,33940,33448,34259,33974,33928,33618,33713,34190,36046,35928,37644,37314,38855,38095,38147,39859,40675,41865,43140,43711,44894,47019,49948,51914,54298,57174,59837,60153,60621,61102,59885,61443,60404,60674,61365,61254,61719,57614,55309,54031,52417,51038,48983,47884,47072,45995,45475,42948,42659,42380,43537,45279,47923,47552,47387,36425,35924,35585,33653,34146,37356,35190,34320,29887,26066,25437,22154,19884,17452,15850,14212,11281,9360,7492,5816,4309,3288,2374,1614,1106,1293,3692865,2021
Trentino-Alto Adige/Südtirol,9230,9556,9774,10041,10292,10426,10521,10610,10904,10915,11089,11005,11267,11188,11211,11393,11495,11233,11142,11542,11843,11879,12084,12025,12019,11683,11826,11702,12134,12143,12260,12108,12281,12034,12076,12293,12394,12778,13169,13061,13283,13325,14057,14143,14658,15473,16401,16403,16644,17193,16814,17717,17516,17439,17749,17812,17745,16642,15701,15612,14908,14414,13504,13194,12714,12123,11674,11377,11191,10833,11146,10624,10887,10478,11146,7900,8975,9366,9120,8930,8388,7956,7241,6325,5730,5347,4903,4441,3972,3490,3140,2458,2032,1682,1260,1002,729,572,413,254,286,1077078,2021
Umbria,5268,5625,5811,6107,6510,6579,6907,7148,7481,7554,7766,7740,8130,8138,8025,7982,7796,7689,7732,7755,7960,8023,8084,8018,7975,7949,7936,8100,8484,8376,8548,8799,9213,8871,9066,9386,9536,10224,10185,10441,10590,11007,11577,12025,12424,13028,13638,13536,13370,13601,13384,13783,13803,13621,13614,14150,14161,13256,12914,12807,12656,12119,11440,11183,11371,11073,10783,10586,10000,10484,10595,10902,11562,10635,10136,8084,8482,8801,7969,7992,8761,8352,8274,7095,6275,6117,5607,5091,4248,4034,3570,2782,2265,1953,1458,1158,860,548,364,256,325,865452,2021
Valle d'Aosta/Vallée d'Aoste,784,830,893,882,955,977,1043,1027,1134,1188,1160,1218,1205,1209,1238,1148,1177,1196,1113,1187,1225,1197,1200,1151,1218,1153,1131,1135,1257,1171,1261,1226,1282,1252,1254,1303,1306,1389,1411,1324,1449,1421,1712,1670,1778,1852,1971,1997,2023,2088,2068,2201,2118,2164,2185,2107,2264,2062,1890,1926,1740,1831,1669,1642,1582,1583,1570,1537,1482,1483,1481,1544,1566,1470,1368,1046,1118,1172,1141,1134,1169,1058,1055,911,776,687,607,590,488,464,442,334,274,212,155,124,69,60,40,25,34,124089,2021
Veneto,32716,33763,35850,37405,38658,39762,40763,41764,43725,44576,45871,46584,47580,47126,47175,46861,47345,46414,45989,46324,48525,48067,48902,48877,48400,47596,47608,47890,49716,49633,50811,50426,51630,49996,50453,52969,53153,54294,56456,57473,59176,61667,65864,68308,71487,75039,79663,79109,80263,81308,81241,83255,82331,82873,83421,83373,83966,78617,75539,73781,69632,68946,64483,62870,61747,59340,58148,55975,55032,54030,55977,54957,56269,54442,58432,39572,45241,45415,43383,42209,43488,41424,38412,33541,29640,28340,25681,21517,19407,16992,15287,11806,9926,8185,6110,4680,3331,2464,1661,1102,1329,4869830,2021
Abruzzo,8261,8328,8619,8970,9626,10090,10273,10403,10567,11112,11258,11568,11409,11812,11620,11484,11625,11742,11601,11453,11806,12047,11988,12321,12195,12433,12329,12704,12998,13459,13443,13716,13708,14024,13821,14305,14783,15030,15002,15768,15721,16176,16846,17515,17650,18448,18973,19800,19546,20106,20464,20085,20987,20710,20916,21158,21175,21237,20015,19239,18848,18567,18238,17469,17243,16918,16861,16485,15431,15326,15232,15615,15782,15883,14843,14284,10563,11169,10672,10129,9951,11063,10833,9514,9009,7933,7540,6641,6125,4972,4492,4038,3011,2316,1897,1332,1050,768,488,367,584,1275950,2022
Basilicata,3323,3499,3647,3682,3918,3990,4047,4056,4032,4417,4393,4541,4739,4867,4826,4970,4948,5355,5376,5508,5515,5696,5705,5665,5667,5700,5701,5799,5879,6285,6036,6337,6155,6180,6101,6001,6251,6398,6330,6469,6467,6485,6659,7090,7243,7787,7883,8095,7985,8175,8259,8404,8612,8634,8903,8682,8848,9167,8632,8696,8449,8261,7917,7652,7475,7582,7271,7257,6664,6561,6402,6617,6614,6746,6075,5410,4197,4110,4012,3907,3809,4415,4404,4077,3897,3508,3189,2985,2626,2120,1819,1643,1292,952,769,555,398,260,208,153,200,541168,2022
Calabria,13169,13922,14443,15045,15572,15805,16118,16178,16215,16709,16930,17416,17661,17877,17952,18546,18309,18925,18737,18528,19177,19519,19372,19614,19212,19503,19778,20005,20809,21248,21187,21721,22115,22515,22246,22173,22408,22780,22683,23293,23232,23746,24278,24659,25297,26508,26524,26889,26802,27083,27415,27188,28693,28234,28549,28749,28480,29775,28052,27962,27615,27312,26608,24700,25337,24503,24236,24023,22651,21353,21715,21918,21751,21742,20916,18917,14464,14261,13815,13454,12698,14146,13309,12083,11116,10322,9579,8553,7844,6632,5563,4757,3641,2807,2203,1646,1192,897,630,392,623,1855454,2022
Campania,43300,45025,46771,47834,50061,50225,50953,51696,52635,55078,56388,58056,59520,60230,61588,61939,62572,64805,64387,63336,64529,64780,64680,64587,64338,64557,64222,64771,65782,68589,68084,67815,67747,69119,67288,66886,68653,70136,70871,72794,71955,73056,74732,76884,78549,81478,84114,87203,85928,86189,86831,85355,87413,87303,88370,88776,88650,90347,84501,82349,80460,76818,75515,71331,70224,66927,67386,66276,60810,58310,58191,58630,57990,58748,55866,55413,44343,37303,39497,36666,34365,36349,34271,30194,27116,23729,22181,18992,17285,14493,12251,10580,7897,6193,4547,3286,2426,1604,1238,828,1281,5624420,2022
Emilia-Romagna,29907,30244,31486,33167,34148,35686,36789,37671,38577,39726,40505,41833,42498,42333,42141,41704,41083,40932,39826,40295,40548,41561,40960,41423,41704,41817,42034,42936,43613,46187,46334,47486,47375,47856,47616,48045,49717,50842,52042,53490,53722,55785,57984,61754,64401,67355,70944,73821,73811,74077,74428,73358,74068,73451,72363,72844,71785,72967,68099,65634,64107,61998,60292,57245,56564,55548,53046,51300,49068,48155,47294,49381,49603,52076,51226,51448,35774,39605,38640,37133,37260,39642,37904,36197,31104,26939,26656,24074,20455,17354,15347,13670,10551,8493,6775,5012,3904,2760,1867,1285,1826,4425366,2022
Friuli-Venezia Giulia,7294,7551,7623,7951,8370,8771,8831,9330,9520,9919,10103,10512,10678,10627,10826,10781,10601,10698,10679,10599,10819,11183,10810,10975,10863,11156,10803,10816,10970,11588,11653,11819,11803,12079,11633,11967,12442,12711,12654,13458,13515,14081,14441,15731,16040,16980,17954,19367,19166,19724,19814,20049,20113,20037,20259,20285,20432,20794,19679,18570,18103,17416,17167,16105,15682,15437,15015,14768,14560,14420,14128,15012,14749,15547,15361,16056,10767,12654,12232,12128,11984,12273,11320,10401,9074,7958,7256,6187,5496,4849,4169,3800,2866,2339,1872,1494,1093,825,589,393,605,1194647,2022
Lazio,37480,38533,40501,43306,45340,47460,48626,50352,51129,54048,54198,55481,55573,56081,56228,55964,54122,54622,52902,52194,52661,53566,52858,53936,53913,54387,54974,55506,56454,59433,59110,61331,61490,63823,63509,63677,66844,68980,70652,73622,74162,75616,78157,82225,83928,87427,92072,95705,95648,96672,96543,96244,97496,96198,96515,96720,96501,97847,91471,87255,84608,80794,77890,74181,72809,70712,69442,67784,63556,61749,60689,62000,61481,64116,62929,60347,46424,45987,47183,44880,44336,47353,44136,40706,35968,31623,29831,26212,22494,19071,16683,14821,11042,8620,6697,5122,3545,2649,1926,1282,1936,5714882,2022
Liguria,8562,8922,8943,9259,9992,10164,10537,11123,11243,11848,11732,12216,12758,13000,12755,12900,12844,13023,12676,13012,13174,13425,13296,13565,13438,13853,13434,13505,13818,14358,14182,14354,14304,14778,14442,14270,14917,14878,15265,15242,15851,15759,16516,17868,18855,20037,21411,22795,23164,24413,24599,24790,25401,25589,25354,26379,26808,27043,25296,24384,23574,22698,22367,21451,21164,20461,19760,19680,18927,18269,18209,19292,19370,20326,20724,20657,14724,16442,15736,15824,16064,16867,16078,15098,13478,11743,10910,9661,8657,7815,6626,6044,4677,3728,2815,2155,1593,1125,744,578,797,1509227,2022
Lombardia,69090,69784,74080,77306,80640,83408,86242,88309,89601,92764,94630,97370,99436,99796,98521,99026,96647,97090,93986,93585,95423,97431,96580,97770,97554,97521,97319,98777,100928,104865,105714,108486,109072,112375,110085,110689,114048,116690,119625,124114,124822,127159,130262,137538,143509,148954,158805,163475,163198,164559,164585,163264,167009,166062,165334,168168,166573,165122,154157,145680,140969,135631,131333,124585,121700,119381,115662,112588,108465,107603,106234,109837,110035,113147,108586,110560,80188,84662,82058,82162,81795,86373,81648,76128,65022,55790,53224,46211,40043,35318,30073,25757,20057,15424,12081,8915,6455,4517,3125,2067,2983,9943004,2022
Marche,9254,9529,9771,10230,10796,11502,11871,12244,12548,12817,13473,13653,14045,14067,13946,13734,13754,13807,13623,13795,13747,14336,14275,14573,14385,14271,14322,14133,14320,14956,14878,15302,15062,15575,15230,15783,16200,16462,16998,17679,17811,18664,19368,20606,21165,21822,22899,23448,23192,23389,24105,23327,24183,23845,23882,24029,23864,24656,23220,22087,22306,21491,20820,20181,19720,19790,18978,18220,17754,17576,17677,17942,17269,17679,16974,16820,13719,13069,13568,12629,12455,13832,13761,13275,11430,10023,9809,8484,7499,6211,5737,4840,3679,3086,2505,1815,1388,931,672,426,602,1487150,2022
Molise,1668,1709,1897,1883,2087,2036,2114,2159,2194,2246,2316,2437,2278,2472,2480,2477,2565,2602,2661,2707,2728,2809,2932,3026,2953,2942,3031,3076,3145,3265,3147,3179,3141,3272,3220,3218,3300,3271,3337,3497,3522,3481,3716,3800,3889,3985,4299,4449,4292,4384,4387,4415,4627,4670,4751,4847,4829,5002,4641,4517,4479,4568,4355,4128,4112,4119,4007,4073,3697,3831,3522,3751,3898,3743,3534,3276,2512,2428,2240,2132,2339,2611,2680,2168,2137,2036,1870,1756,1568,1268,1117,1053,787,595,515,381,255,210,153,112,154,292150,2022
Piemonte,26758,27371,28354,29428,31215,32468,33240,34535,35424,36739,37008,37897,39030,39202,39235,38669,38528,38537,38288,37902,38213,40044,39582,40323,40321,40065,39831,40340,41034,42522,42853,43823,43120,44377,43271,44024,45226,45469,46871,48772,48993,50279,51622,55148,58074,60792,64396,67204,67186,68838,69831,69065,71487,70900,70817,71316,70950,71875,67029,64309,63563,61367,59520,57835,57364,55940,54725,53689,51877,51438,50425,52428,52520,54903,53197,51330,38709,40832,39928,39584,39246,41699,40166,37672,32763,28480,26777,23528,20150,17787,15327,13532,10376,7781,6073,4370,3099,2286,1592,1072,1380,4256350,2022
Puglia,26365,26504,27688,29017,30281,31228,31558,32964,33578,34817,35994,37178,37535,38085,38482,38757,39500,40977,41004,40960,42065,42835,42616,42537,42157,42074,41406,41571,42438,44200,43424,43404,43035,44427,43841,43616,43795,45557,45907,47642,48358,49909,52531,54244,56590,58741,60371,61915,60021,59154,60486,60028,61615,61725,62521,62979,62982,63753,59219,57599,56833,55330,53880,50897,51452,50011,49450,47804,46197,44098,45241,46397,45871,48158,44710,43489,36218,32138,31511,31570,29287,30799,29527,26707,24112,20958,19724,17609,15205,13058,11210,9903,7302,5784,4554,3296,2244,1592,1205,768,1082,3922941,2022
Sardegna,8213,8282,8907,9398,10158,10561,11176,11436,11768,12344,12973,13424,13456,13529,13438,13556,13631,13446,13811,13526,13799,14208,13934,13600,13817,13982,14326,14428,14736,15440,15807,16348,16373,16643,16816,16944,17708,18110,18673,19682,19860,20665,21011,22916,23413,24363,25643,26814,26840,26517,26465,26168,26990,26308,27055,27343,27253,27797,26506,25864,25256,24467,23897,23432,23417,22862,22179,22316,21168,20790,20322,20307,19568,19725,18713,17278,16018,15438,14609,14726,13285,14297,13001,11402,10100,9269,8010,7786,6980,5873,4924,4410,3469,2795,2081,1569,1101,837,544,396,598,1587413,2022
Sicilia,37141,37638,38762,40426,41429,41409,42799,43866,43227,45333,45760,47084,48079,48925,48646,49652,50679,51779,50639,50549,51555,52261,52529,51604,51535,51836,51826,52726,54025,56273,55601,56237,56406,56968,55835,56142,56902,58186,57581,59676,59937,62139,62975,64882,65826,69129,70897,73320,72005,72420,73895,73151,75396,74450,75148,74567,73908,75729,71694,71224,69290,69319,65821,63478,63234,61563,61156,60452,55573,54692,53744,55060,54793,56066,54608,49218,41044,38606,35984,34825,34048,37477,34649,31503,26902,24666,22901,21016,18312,15013,12994,11605,8265,6617,4790,3738,2677,1965,1265,889,1293,4833329,2022
Toscana,22654,22522,23707,25228,26551,27497,28027,29600,29908,31696,32116,33139,33318,34334,34070,33847,33774,33715,32685,32975,32973,33489,32713,33614,33420,33418,33247,33585,34065,35876,35680,37478,37155,38658,37909,37833,39752,40496,41665,42930,43481,44796,46871,49838,51727,54110,57001,59640,60007,60512,60840,59694,61340,60259,60496,61329,61128,61606,57490,55208,53890,52205,50798,48764,47611,46671,45654,45008,42626,42087,41770,42862,44488,46986,46649,46342,35571,34924,34477,32438,32904,35835,33546,32491,28109,24260,23469,20176,17748,15404,13677,11962,9356,7652,5857,4455,3148,2368,1663,1079,1519,3663191,2022
Trentino-Alto Adige/Südtirol,9353,9276,9594,9795,10053,10330,10427,10655,10650,10978,10994,11171,11101,11351,11259,11266,11466,11608,11354,11239,11566,11812,11798,11988,11935,11916,11561,11697,11635,12009,12103,12180,12069,12187,11920,11997,12213,12277,12672,13113,12977,13161,13195,13921,14017,14541,15325,16261,16246,16478,17055,16651,17595,17357,17295,17614,17712,17684,16523,15606,15481,14805,14325,13413,13074,12609,12042,11553,11333,11079,10672,10968,10466,10691,10258,10887,7694,8776,9111,8842,8645,8100,7619,6901,5970,5383,4939,4498,4004,3523,3054,2723,2064,1681,1319,964,746,520,418,292,350,1073574,2022
Umbria,5243,5296,5655,5824,6137,6495,6522,6959,7196,7545,7589,7801,7763,8213,8181,8059,8009,7825,7695,7744,7735,7874,7863,7929,7870,7864,7849,7858,8081,8451,8333,8526,8718,9156,8840,9026,9386,9484,10241,10132,10430,10548,10966,11543,12018,12432,12981,13620,13526,13377,13615,13390,13761,13819,13592,13611,14153,14144,13246,12872,12784,12634,12056,11378,11119,11301,11000,10717,10496,9876,10347,10437,10737,11339,10412,9965,7918,8290,8555,7708,7720,8407,7958,7849,6655,5837,5613,5100,4540,3732,3462,3030,2284,1801,1512,1135,877,618,395,246,361,858812,2022
Valle d'Aosta/Vallée d'Aoste,744,781,825,883,883,959,971,1051,1025,1144,1199,1159,1218,1217,1220,1246,1146,1190,1206,1127,1188,1233,1197,1204,1143,1219,1163,1113,1139,1251,1155,1243,1253,1287,1243,1257,1278,1307,1390,1402,1320,1437,1419,1716,1667,1786,1847,1963,2007,2019,2070,2071,2186,2107,2146,2195,2104,2260,2070,1875,1918,1730,1817,1660,1632,1584,1572,1549,1530,1462,1441,1456,1509,1527,1443,1332,1020,1098,1135,1103,1088,1118,1012,978,847,711,638,553,539,441,401,367,273,225,156,124,89,54,46,25,33,123360,2022
Veneto,32847,32918,33910,36006,37496,38600,39698,41004,41927,43979,44750,46077,46781,47740,47274,47317,47005,47739,46572,46256,46415,48394,47820,48521,48499,48034,47291,47454,47821,49605,49543,50603,50316,51564,49848,50457,52909,53111,54194,56227,57312,59002,61536,65687,68184,71260,74808,79424,78940,79984,81130,81010,83121,82069,82627,83286,83295,83820,78445,75288,73522,69244,68554,64132,62454,61258,58823,57592,55494,54314,53255,55122,54062,55269,53380,57210,38643,44031,44137,42005,40734,41729,39609,36376,31565,27538,26127,23374,19265,17138,14821,12962,9761,8051,6487,4691,3522,2385,1760,1092,1507,4847745,2022
Abruzzo,8017,8313,8473,8678,9037,9675,10134,10327,10468,10609,11194,11325,11615,11450,11864,11671,11537,11731,11890,11742,11579,11964,12209,12125,12446,12296,12432,12302,12701,12960,13420,13426,13763,13762,14106,13851,14388,14856,15094,15123,15864,15754,16245,16917,17553,17723,18516,19020,19842,19612,20127,20507,20113,21014,20752,20932,21157,21180,21260,20027,19249,18840,18546,18188,17421,17136,16865,16818,16400,15288,15156,15065,15435,15572,15583,14570,13960,10293,10844,10322,9724,9500,10530,10222,8886,8353,7215,6796,5832,5331,4253,3751,3326,2388,1806,1404,925,725,502,344,595,1272627,2023
Basilicata,3195,3337,3511,3657,3720,3946,4012,4056,4079,4051,4431,4410,4560,4752,4890,4858,5005,5022,5472,5428,5521,5523,5728,5750,5678,5682,5655,5629,5722,5778,6184,5942,6271,6140,6112,6072,5953,6213,6373,6348,6465,6452,6519,6679,7091,7241,7779,7861,8074,8012,8180,8265,8410,8623,8607,8902,8655,8821,9124,8605,8680,8413,8246,7881,7615,7435,7542,7226,7201,6589,6473,6307,6519,6480,6614,5942,5292,4064,3982,3875,3709,3622,4167,4178,3802,3580,3181,2857,2627,2262,1812,1511,1345,1026,716,582,400,281,167,136,209,537577,2023
Calabria,13401,13258,13989,14496,15076,15590,15831,16146,16191,16234,16725,16967,17450,17705,17883,18011,18605,18406,19096,18825,18583,19170,19617,19382,19615,19133,19331,19584,19775,20522,21045,20972,21458,21959,22326,22154,22018,22306,22731,22603,23290,23234,23762,24300,24637,25329,26534,26515,26932,26797,27127,27449,27160,28669,28237,28537,28712,28468,29718,28019,27887,27514,27251,26506,24604,25229,24328,24062,23833,22422,21061,21402,21542,21351,21261,20371,18423,14005,13785,13257,12859,12108,13346,12511,11215,10161,9367,8559,7536,6759,5643,4594,3858,2884,2138,1636,1199,833,618,415,682,1846610,2023
Campania,44383,43346,45186,46924,47898,50116,50328,51000,51751,52751,55111,56426,58129,59622,60275,61641,62082,62798,65131,64764,63588,64632,65200,64670,64365,63773,63997,63462,64057,65053,68031,67552,67444,67455,69010,67189,66774,68766,70134,70968,72887,71999,73105,74843,76992,78581,81487,84282,87198,85982,86158,86768,85333,87309,87184,88240,88621,88493,90096,84283,82041,80110,76404,75086,70878,69673,66301,66712,65583,59970,57433,57095,57459,56799,57304,54350,53752,42821,35865,37817,34952,32500,34087,31937,27824,24780,21342,19691,16562,14708,12136,10084,8501,6163,4634,3297,2336,1660,1088,825,1353,5609536,2023
Emilia-Romagna,29738,30270,30548,31808,33389,34399,35908,36994,37895,38754,39954,40734,42056,42669,42578,42401,41969,41452,41506,40634,41022,41350,42476,42079,42660,43221,43520,43724,44612,45324,47890,47794,48772,48551,48767,48428,48903,50442,51436,52547,54009,54157,56183,58362,62032,64707,67579,71093,74030,73932,74125,74472,73392,74152,73489,72296,72798,71668,72869,68004,65489,63971,61855,60032,57059,56345,55219,52637,51042,48622,47713,46765,48763,48984,51233,50305,50381,34947,38530,37465,35827,35895,37776,36006,34066,29033,24840,24161,21459,18002,14976,12928,11339,8462,6526,5087,3673,2687,1902,1190,1863,4437578,2023
Friuli-Venezia Giulia,7301,7354,7632,7707,8043,8476,8859,8895,9415,9594,9993,10184,10589,10725,10698,10898,10831,10664,10894,10830,10743,10974,11403,11011,11242,11142,11424,11014,11067,11135,11921,11911,12024,12010,12275,11806,12083,12534,12848,12791,13603,13663,14166,14511,15839,16142,17068,18011,19435,19244,19741,19874,20039,20121,20050,20261,20279,20403,20760,19627,18565,18081,17340,17088,16027,15582,15355,14931,14632,14455,14255,14007,14771,14536,15298,15057,15668,10494,12283,11827,11724,11519,11673,10714,9831,8464,7334,6625,5584,4856,4186,3531,3145,2345,1825,1452,1118,778,533,372,610,1194248,2023
Lazio,36291,38288,38956,40892,43547,45543,47692,48809,50533,51291,54156,54358,55619,55697,56299,56387,56125,54402,54951,53567,52866,53293,54326,53566,54664,54601,55206,55945,56614,57607,60637,60365,62613,62680,65042,64664,64754,67642,69813,71405,74252,74879,76028,78664,82676,84187,87763,92274,95978,95784,96818,96703,96289,97545,96251,96491,96721,96384,97715,91237,87045,84297,80536,77555,73802,72405,70252,68913,67164,62866,61058,59930,61080,60482,62942,61684,58957,45242,44581,45541,43244,42536,45124,41763,38152,33401,28977,26995,23362,19603,16410,14067,12200,8859,6662,5075,3691,2537,1872,1283,2046,5720536,2023
Liguria,8513,8687,9058,9103,9432,10137,10328,10671,11265,11357,11969,11861,12321,12879,13137,12878,13011,13003,13228,12925,13223,13426,13665,13639,13877,13772,14250,13786,13837,14193,14650,14522,14742,14697,15055,14717,14574,15167,15129,15482,15458,16081,15992,16712,18069,19009,20165,21617,22958,23308,24533,24733,24851,25477,25683,25386,26484,26807,27053,25333,24355,23544,22742,22364,21452,21065,20392,19701,19564,18764,18078,17960,19028,19067,19987,20308,20171,14312,15989,15174,15178,15340,15985,15170,14115,12464,10725,9852,8663,7530,6709,5547,4996,3721,2893,2099,1527,1111,772,507,840,1507636,2023
Lombardia,67794,69814,70510,74787,77827,81265,83994,86833,88815,90130,93305,94998,97754,99969,100294,98994,99542,97246,98173,95926,95438,97271,99289,98734,100276,100440,100667,100775,102332,104385,108294,108788,111334,111675,114646,112191,112573,115722,118148,120891,125170,125667,128026,130983,138234,144065,149455,159258,163749,163572,164787,164725,163350,167130,166098,165286,168016,166381,164889,153710,145343,140529,135161,130711,123845,121066,118613,114677,111695,107471,106425,104991,108332,108324,111252,106449,108116,78193,82370,79456,79273,78505,82497,77414,71476,60530,51290,48378,41273,35135,30445,25209,21178,16099,12035,9026,6539,4597,3080,2068,3053,9976509,2023
Marche,8829,9358,9655,9886,10328,10886,11598,11947,12310,12623,12879,13543,13709,14094,14161,14012,13813,13847,14026,13833,13994,13921,14568,14431,14757,14518,14385,14478,14289,14510,15069,14991,15407,15224,15689,15421,15948,16348,16611,17122,17834,17942,18759,19438,20671,21253,21861,22960,23525,23227,23404,24144,23358,24175,23877,23879,24009,23885,24635,23175,22056,22234,21452,20782,20108,19657,19696,18875,18131,17648,17433,17464,17758,17079,17411,16692,16467,13340,12744,13175,12181,11956,13213,13011,12514,10687,9222,8935,7593,6584,5339,4836,3984,2951,2347,1831,1293,949,623,433,585,1484298,2023
Molise,1685,1675,1716,1914,1904,2092,2064,2135,2161,2211,2252,2317,2449,2288,2479,2503,2485,2599,2652,2684,2759,2776,2862,2990,3068,2968,2953,3040,3079,3132,3284,3172,3216,3135,3275,3213,3174,3309,3290,3328,3485,3514,3491,3729,3805,3869,3993,4323,4456,4304,4391,4380,4417,4621,4663,4756,4840,4816,5000,4628,4520,4475,4559,4342,4092,4100,4089,3990,4038,3666,3785,3477,3691,3822,3676,3449,3183,2434,2347,2167,2070,2233,2465,2518,2017,1977,1876,1678,1570,1372,1088,929,817,625,461,397,280,171,151,102,168,290636,2023
Piemonte,25954,27038,27667,28602,29709,31381,32704,33438,34702,35653,36944,37196,38064,39188,39365,39406,38906,38814,38961,38950,38528,38966,40774,40462,41210,41222,41215,40959,41477,42102,43617,43739,44641,43888,45172,43854,44544,45718,45913,47271,49130,49288,50563,51861,55383,58256,60981,64539,67345,67340,68888,69766,69105,71503,70879,70774,71150,70812,71703,66913,64079,63359,61154,59258,57538,57051,55492,54288,53199,51355,50828,49779,51684,51679,53881,52152,50150,37641,39575,38577,38049,37577,39663,37879,35251,30390,26000,24108,20917,17576,15156,12836,11020,8208,6009,4547,3191,2154,1542,1001,1465,4251351,2023
Puglia,26240,26482,26682,27862,29168,30375,31350,31676,33057,33671,34904,36042,37292,37623,38124,38523,38833,39677,41281,41173,40975,42008,42835,42473,42278,41743,41407,40833,40910,41962,43657,43030,43215,42916,44373,43836,43647,43843,45622,46042,47763,48511,50030,52611,54379,56685,58849,60419,62046,60131,59193,60538,59995,61600,61754,62532,62957,62930,63727,59134,57463,56747,55167,53747,50698,51253,49762,49141,47468,45737,43623,44628,45717,45099,47267,43730,42516,35199,31110,30428,30341,28019,29265,27875,24931,22312,19191,17822,15537,13240,11150,9311,8149,5786,4425,3395,2396,1569,1087,812,1146,3907683,2023
Sardegna,7685,8277,8331,8942,9435,10198,10602,11216,11463,11793,12388,13024,13463,13471,13556,13468,13581,13669,13461,13861,13572,13836,14240,14013,13667,13792,13990,14259,14443,14723,15394,15839,16335,16360,16695,16838,16983,17707,18194,18734,19732,19928,20722,21070,22965,23460,24420,25680,26806,26895,26543,26522,26213,26935,26314,27069,27305,27239,27761,26450,25800,25190,24366,23835,23305,23276,22733,22002,22134,20907,20513,20014,19985,19230,19326,18314,16860,15542,14951,14111,14114,12675,13637,12237,10651,9334,8491,7249,6942,6104,5052,4161,3604,2793,2184,1574,1145,760,568,356,594,1578146,2023
Sicilia,36718,37323,37875,38918,40584,41509,41540,42826,43888,43213,45367,45773,47121,48107,48994,48716,49783,50988,52510,51129,50764,51550,52366,52413,51500,51216,51296,51222,52208,53568,55769,55171,55946,56146,56878,55825,56114,56905,58212,57653,59777,59947,62267,62970,64894,65838,69050,70863,73289,71947,72359,73865,73093,75325,74386,75076,74483,73710,75646,71523,71062,69081,69063,65466,63162,62888,61118,60647,59908,54912,54012,52886,54094,53761,54842,53231,47873,39740,37201,34480,33166,32237,35196,32328,29206,24609,22240,20291,18330,15743,12552,10716,9314,6331,4897,3508,2694,1814,1341,817,1347,4814016,2023
Toscana,21709,22880,22761,23912,25378,26680,27633,28165,29691,29986,31896,32267,33276,33464,34531,34262,34127,34066,34235,33264,33515,33479,33999,33319,34194,34062,34068,34102,34283,34750,36622,36568,38234,37847,39250,38508,38280,40326,40965,42036,43426,43891,45238,47234,50144,52053,54451,57232,59857,60205,60811,61025,59873,61515,60390,60610,61321,61176,61625,57500,55228,53842,52116,50640,48627,47444,46493,45432,44740,42293,41630,41340,42316,43908,46238,45756,45326,34706,33993,33417,31291,31611,34248,31820,30580,26241,22286,21222,17963,15531,13183,11436,9693,7441,5905,4367,3166,2156,1577,1036,1576,3661981,2023
Trentino-Alto Adige/Südtirol,8923,9403,9361,9632,9848,10123,10392,10474,10710,10719,11026,11027,11224,11190,11414,11299,11332,11519,11693,11446,11297,11702,11915,11944,12150,12050,12045,11622,11836,11852,12199,12296,12318,12162,12342,12036,12088,12309,12360,12753,13182,13041,13230,13239,13986,14117,14616,15386,16266,16297,16560,17045,16633,17619,17352,17308,17559,17686,17623,16496,15612,15428,14776,14252,13330,13026,12547,11973,11481,11247,10974,10587,10799,10326,10519,10074,10672,7507,8529,8830,8550,8341,7746,7289,6510,5600,5029,4529,4056,3553,3070,2590,2272,1710,1305,987,729,515,354,262,385,1077143,2023
Umbria,4926,5294,5346,5700,5861,6156,6545,6568,7018,7232,7572,7622,7830,7784,8239,8204,8088,8032,7908,7815,7852,7859,7987,7969,8029,8003,7921,7938,7887,8154,8521,8424,8671,8803,9230,8924,9096,9449,9545,10339,10179,10461,10608,11000,11561,12063,12502,13006,13660,13514,13385,13633,13415,13782,13813,13598,13606,14130,14183,13228,12872,12797,12626,12027,11340,11067,11244,10956,10675,10416,9794,10231,10325,10586,11136,10235,9759,7752,8075,8286,7456,7455,7987,7547,7385,6179,5388,5076,4584,3980,3208,2922,2510,1864,1394,1157,834,617,413,249,335,856407,2023
Valle d'Aosta/Vallée d'Aoste,779,752,785,816,893,890,959,979,1059,1032,1151,1205,1167,1227,1229,1234,1255,1156,1184,1224,1150,1208,1258,1204,1223,1163,1227,1175,1127,1152,1272,1157,1257,1259,1286,1254,1267,1289,1317,1411,1403,1326,1448,1436,1718,1675,1788,1847,1943,2003,2034,2071,2080,2191,2104,2136,2190,2090,2268,2058,1871,1903,1730,1812,1648,1618,1579,1556,1531,1511,1448,1433,1437,1469,1497,1409,1305,982,1056,1095,1069,1050,1057,973,924,782,653,577,503,454,378,331,284,228,177,108,89,60,36,30,36,123130,2023
Veneto,31839,33103,33205,34215,36297,37703,38844,39996,41259,42205,44151,44940,46268,46990,47961,47514,47482,47251,48087,47135,46813,46940,49004,48637,49283,49151,48768,48113,48262,48623,50511,50274,51285,50818,52241,50519,51075,53445,53629,54620,56557,57752,59286,61844,65911,68363,71379,74873,79491,79080,80071,81223,81073,83142,81999,82612,83266,83134,83666,78307,75132,73261,69017,68207,63888,62061,60897,58377,57143,55003,53819,52607,54463,53280,54402,52421,56037,37672,42817,42755,40574,39090,39922,37586,34206,29431,25371,23666,20940,16927,14783,12484,10629,7837,6255,4923,3407,2446,1610,1165,1557,4849553,2023
